sample_name	unit_name	fq1	fq2	sra	adapters	umis
case-01_N	rep1	INPUT/case-01_N.R_1.fastq.gz	INPUT/case-01_N.R_2.fastq.gz		-a ACGGCTAGCTA -A AGATCGGAAGAGCACACGTCTGAACTCCAGTCAC	
case-01_T	rep1	INPUT/case-01_T.R_1.fastq.gz	INPUT/case-01_T.R_2.fastq.gz		-a ACGGCTAGCTA -A AGATCGGAAGAGCACACGTCTGAACTCCAGTCAC	
case-02_N	rep1	INPUT/case-02_N.R_1.fastq.gz	INPUT/case-02_N.R_2.fastq.gz		-a ACGGCTAGCTA -A AGATCGGAAGAGCACACGTCTGAACTCCAGTCAC	
case-02_T	rep1	INPUT/case-02_T.R_1.fastq.gz	INPUT/case-02_T.R_2.fastq.gz		-a ACGGCTAGCTA -A AGATCGGAAGAGCACACGTCTGAACTCCAGTCAC	
case-03_N	rep1	INPUT/case-03_N.R_1.fastq.gz	INPUT/case-03_N.R_2.fastq.gz		-a ACGGCTAGCTA -A AGATCGGAAGAGCACACGTCTGAACTCCAGTCAC	
case-03_T	rep1	INPUT/case-03_T.R_1.fastq.gz	INPUT/case-03_T.R_2.fastq.gz		-a ACGGCTAGCTA -A AGATCGGAAGAGCACACGTCTGAACTCCAGTCAC	
case-04_N	rep1	INPUT/case-04_N.R_1.fastq.gz	INPUT/case-04_N.R_2.fastq.gz		-a ACGGCTAGCTA -A AGATCGGAAGAGCACACGTCTGAACTCCAGTCAC	
case-04_T	rep1	INPUT/case-04_T.R_1.fastq.gz	INPUT/case-04_T.R_2.fastq.gz		-a ACGGCTAGCTA -A AGATCGGAAGAGCACACGTCTGAACTCCAGTCAC	
case-05_N	rep1	INPUT/case-05_N.R_1.fastq.gz	INPUT/case-05_N.R_2.fastq.gz		-a ACGGCTAGCTA -A AGATCGGAAGAGCACACGTCTGAACTCCAGTCAC	
case-05_T	rep1	INPUT/case-05_T.R_1.fastq.gz	INPUT/case-05_T.R_2.fastq.gz		-a ACGGCTAGCTA -A AGATCGGAAGAGCACACGTCTGAACTCCAGTCAC	
case-06_N	rep1	INPUT/case-06_N.R_1.fastq.gz	INPUT/case-06_N.R_2.fastq.gz		-a ACGGCTAGCTA -A AGATCGGAAGAGCACACGTCTGAACTCCAGTCAC	
case-06_T	rep1	INPUT/case-06_T.R_1.fastq.gz	INPUT/case-06_T.R_2.fastq.gz		-a ACGGCTAGCTA -A AGATCGGAAGAGCACACGTCTGAACTCCAGTCAC	
case-07_N	rep1	INPUT/case-07_N.R_1.fastq.gz	INPUT/case-07_N.R_2.fastq.gz		-a ACGGCTAGCTA -A AGATCGGAAGAGCACACGTCTGAACTCCAGTCAC	
case-07_T	rep1	INPUT/case-07_T.R_1.fastq.gz	INPUT/case-07_T.R_2.fastq.gz		-a ACGGCTAGCTA -A AGATCGGAAGAGCACACGTCTGAACTCCAGTCAC	
case-08_N	rep1	INPUT/case-08_N.R_1.fastq.gz	INPUT/case-08_N.R_2.fastq.gz		-a ACGGCTAGCTA -A AGATCGGAAGAGCACACGTCTGAACTCCAGTCAC	
case-08_T	rep1	INPUT/case-08_T.R_1.fastq.gz	INPUT/case-08_T.R_2.fastq.gz		-a ACGGCTAGCTA -A AGATCGGAAGAGCACACGTCTGAACTCCAGTCAC	
case-09_N	rep1	INPUT/case-09_N.R_1.fastq.gz	INPUT/case-09_N.R_2.fastq.gz		-a ACGGCTAGCTA -A AGATCGGAAGAGCACACGTCTGAACTCCAGTCAC	
case-09_T	rep1	INPUT/case-09_T.R_1.fastq.gz	INPUT/case-09_T.R_2.fastq.gz		-a ACGGCTAGCTA -A AGATCGGAAGAGCACACGTCTGAACTCCAGTCAC	
case-10_N	rep1	INPUT/case-10_N.R_1.fastq.gz	INPUT/case-10_N.R_2.fastq.gz		-a ACGGCTAGCTA -A AGATCGGAAGAGCACACGTCTGAACTCCAGTCAC	
case-10_T	rep1	INPUT/case-10_T.R_1.fastq.gz	INPUT/case-10_T.R_2.fastq.gz		-a ACGGCTAGCTA -A AGATCGGAAGAGCACACGTCTGAACTCCAGTCAC	
case-11_N	rep1	INPUT/case-11_N.R_1.fastq.gz	INPUT/case-11_N.R_2.fastq.gz		-a ACGGCTAGCTA -A AGATCGGAAGAGCACACGTCTGAACTCCAGTCAC	
case-11_T	rep1	INPUT/case-11_T.R_1.fastq.gz	INPUT/case-11_T.R_2.fastq.gz		-a ACGGCTAGCTA -A AGATCGGAAGAGCACACGTCTGAACTCCAGTCAC	
case-12_N	rep1	INPUT/case-12_N.R_1.fastq.gz	INPUT/case-12_N.R_2.fastq.gz		-a ACGGCTAGCTA -A AGATCGGAAGAGCACACGTCTGAACTCCAGTCAC	
case-12_T	rep1	INPUT/case-12_T.R_1.fastq.gz	INPUT/case-12_T.R_2.fastq.gz		-a ACGGCTAGCTA -A AGATCGGAAGAGCACACGTCTGAACTCCAGTCAC	
case-13_N	rep1	INPUT/case-13_N.R_1.fastq.gz	INPUT/case-13_N.R_2.fastq.gz		-a ACGGCTAGCTA -A AGATCGGAAGAGCACACGTCTGAACTCCAGTCAC	
case-13_T	rep1	INPUT/case-13_T.R_1.fastq.gz	INPUT/case-13_T.R_2.fastq.gz		-a ACGGCTAGCTA -A AGATCGGAAGAGCACACGTCTGAACTCCAGTCAC	
case-14_N	rep1	INPUT/case-14_N.R_1.fastq.gz	INPUT/case-14_N.R_2.fastq.gz		-a ACGGCTAGCTA -A AGATCGGAAGAGCACACGTCTGAACTCCAGTCAC	
case-14_T	rep1	INPUT/case-14_T.R_1.fastq.gz	INPUT/case-14_T.R_2.fastq.gz		-a ACGGCTAGCTA -A AGATCGGAAGAGCACACGTCTGAACTCCAGTCAC	
case-15_N	rep1	INPUT/case-15_N.R_1.fastq.gz	INPUT/case-15_N.R_2.fastq.gz		-a ACGGCTAGCTA -A AGATCGGAAGAGCACACGTCTGAACTCCAGTCAC	
case-15_T	rep1	INPUT/case-15_T.R_1.fastq.gz	INPUT/case-15_T.R_2.fastq.gz		-a ACGGCTAGCTA -A AGATCGGAAGAGCACACGTCTGAACTCCAGTCAC	
case-16_N	rep1	INPUT/case-16_N.R_1.fastq.gz	INPUT/case-16_N.R_2.fastq.gz		-a ACGGCTAGCTA -A AGATCGGAAGAGCACACGTCTGAACTCCAGTCAC	
case-16_T	rep1	INPUT/case-16_T.R_1.fastq.gz	INPUT/case-16_T.R_2.fastq.gz		-a ACGGCTAGCTA -A AGATCGGAAGAGCACACGTCTGAACTCCAGTCAC	
case-17_N	rep1	INPUT/case-17_N.R_1.fastq.gz	INPUT/case-17_N.R_2.fastq.gz		-a ACGGCTAGCTA -A AGATCGGAAGAGCACACGTCTGAACTCCAGTCAC	
case-17_T	rep1	INPUT/case-17_T.R_1.fastq.gz	INPUT/case-17_T.R_2.fastq.gz		-a ACGGCTAGCTA -A AGATCGGAAGAGCACACGTCTGAACTCCAGTCAC	
case-18_N	rep1	INPUT/case-18_N.R_1.fastq.gz	INPUT/case-18_N.R_2.fastq.gz		-a ACGGCTAGCTA -A AGATCGGAAGAGCACACGTCTGAACTCCAGTCAC	
case-18_T	rep1	INPUT/case-18_T.R_1.fastq.gz	INPUT/case-18_T.R_2.fastq.gz		-a ACGGCTAGCTA -A AGATCGGAAGAGCACACGTCTGAACTCCAGTCAC	
case-19_N	rep1	INPUT/case-19_N.R_1.fastq.gz	INPUT/case-19_N.R_2.fastq.gz		-a ACGGCTAGCTA -A AGATCGGAAGAGCACACGTCTGAACTCCAGTCAC	
case-19_T	rep1	INPUT/case-19_T.R_1.fastq.gz	INPUT/case-19_T.R_2.fastq.gz		-a ACGGCTAGCTA -A AGATCGGAAGAGCACACGTCTGAACTCCAGTCAC	
case-20_N	rep1	INPUT/case-20_N.R_1.fastq.gz	INPUT/case-20_N.R_2.fastq.gz		-a ACGGCTAGCTA -A AGATCGGAAGAGCACACGTCTGAACTCCAGTCAC	
case-20_T	rep1	INPUT/case-20_T.R_1.fastq.gz	INPUT/case-20_T.R_2.fastq.gz		-a ACGGCTAGCTA -A AGATCGGAAGAGCACACGTCTGAACTCCAGTCAC	
case-21_N	rep1	INPUT/case-21_N.R1.fq.gz	INPUT/case-21_N.R2.fq.gz		-a ACGGCTAGCTA -A AGATCGGAAGAGCACACGTCTGAACTCCAGTCAC	
case-21_T	rep1	INPUT/case-21_T.R1.fq.gz	INPUT/case-21_T.R2.fq.gz		-a ACGGCTAGCTA -A AGATCGGAAGAGCACACGTCTGAACTCCAGTCAC	
case-22_N	rep1	INPUT/case-22_N.R1.fq.gz	INPUT/case-22_N.R2.fq.gz		-a ACGGCTAGCTA -A AGATCGGAAGAGCACACGTCTGAACTCCAGTCAC	
case-22_T	rep1	INPUT/case-22_T.R1.fq.gz	INPUT/case-22_T.R2.fq.gz		-a ACGGCTAGCTA -A AGATCGGAAGAGCACACGTCTGAACTCCAGTCAC	
case-23_N	rep1	INPUT/case-23_N.R1.fq.gz	INPUT/case-23_N.R2.fq.gz		-a ACGGCTAGCTA -A AGATCGGAAGAGCACACGTCTGAACTCCAGTCAC	
case-23_T	rep1	INPUT/case-23_T.R1.fq.gz	INPUT/case-23_T.R2.fq.gz		-a ACGGCTAGCTA -A AGATCGGAAGAGCACACGTCTGAACTCCAGTCAC	
case-24_N	rep1	INPUT/case-24_N.R1.fq.gz	INPUT/case-24_N.R2.fq.gz		-a ACGGCTAGCTA -A AGATCGGAAGAGCACACGTCTGAACTCCAGTCAC	
case-24_T	rep1	INPUT/case-24_T.R1.fq.gz	INPUT/case-24_T.R2.fq.gz		-a ACGGCTAGCTA -A AGATCGGAAGAGCACACGTCTGAACTCCAGTCAC	
